<?xml version="1.0" encoding="UTF-8"?>
<project xmlns="http://maven.apache.org/POM/4.0.0" xmlns:xsi="http://www.w3.org/2001/XMLSchema-instance" xsi:schemaLocation="http://maven.apache.org/POM/4.0.0 http://maven.apache.org/maven-v4_0_0.xsd">
  <parent>
    <artifactId>spring-boot-starter-parent</artifactId>
    <groupId>org.springframework.boot</groupId>
    <version>2.5.4</version>
    <relativePath>pom.xml</relativePath>
  </parent>
  <modelVersion>4.0.0</modelVersion>
  <groupId>gs</groupId>
  <artifactId>gs-qo-core-back</artifactId>
  <name>qo-core-back</name>
  <version>1.0</version>
  <description>1</description>
  <build>
    <plugins>
      <plugin>
        <groupId>org.springframework.boot</groupId>
        <artifactId>spring-boot-maven-plugin</artifactId>
        <configuration>
          <excludes>
            <exclude>
              <groupId>org.projectlombok</groupId>
              <artifactId>lombok</artifactId>
            </exclude>
          </excludes>
        </configuration>
      </plugin>
      <plugin>
        <artifactId>maven-shade-plugin</artifactId>
        <version>3.2.4</version>
        <executions>
          <execution>
            <phase>package</phase>
            <goals>
              <goal>shade</goal>
            </goals>
            <configuration>
              <filters>
                <filter>
                  <artifact>gs:gs-common</artifact>
                  <excludes>
                    <exclude>gs/common/hibernate_funcs.class</exclude>
                  </excludes>
                </filter>
              </filters>
            </configuration>
          </execution>
        </executions>
      </plugin>
    </plugins>
  </build>
  <dependencies>
    <dependency>
      <groupId>org.springframework.boot</groupId>
      <artifactId>spring-boot-starter-data-redis</artifactId>
      <version>2.5.4</version>
      <scope>provided</scope>
    </dependency>
    <dependency>
      <groupId>org.springframework.boot</groupId>
      <artifactId>spring-boot-starter-web</artifactId>
      <version>2.5.4</version>
      <scope>provided</scope>
    </dependency>
    <dependency>
      <groupId>org.springframework.boot</groupId>
      <artifactId>spring-boot-devtools</artifactId>
      <version>2.5.4</version>
      <scope>provided</scope>
      <optional>true</optional>
    </dependency>
    <dependency>
      <groupId>org.springframework.boot</groupId>
      <artifactId>spring-boot-starter-test</artifactId>
      <version>2.5.4</version>
      <scope>test</scope>
      <exclusions>
        <exclusion>
          <artifactId>spring-boot-test</artifactId>
          <groupId>org.springframework.boot</groupId>
        </exclusion>
        <exclusion>
          <artifactId>spring-boot-test-autoconfigure</artifactId>
          <groupId>org.springframework.boot</groupId>
        </exclusion>
        <exclusion>
          <artifactId>json-path</artifactId>
          <groupId>com.jayway.jsonpath</groupId>
        </exclusion>
        <exclusion>
          <artifactId>assertj-core</artifactId>
          <groupId>org.assertj</groupId>
        </exclusion>
        <exclusion>
          <artifactId>junit-jupiter</artifactId>
          <groupId>org.junit.jupiter</groupId>
        </exclusion>
        <exclusion>
          <artifactId>mockito-core</artifactId>
          <groupId>org.mockito</groupId>
        </exclusion>
        <exclusion>
          <artifactId>mockito-junit-jupiter</artifactId>
          <groupId>org.mockito</groupId>
        </exclusion>
        <exclusion>
          <artifactId>jsonassert</artifactId>
          <groupId>org.skyscreamer</groupId>
        </exclusion>
        <exclusion>
          <artifactId>spring-test</artifactId>
          <groupId>org.springframework</groupId>
        </exclusion>
        <exclusion>
          <artifactId>xmlunit-core</artifactId>
          <groupId>org.xmlunit</groupId>
        </exclusion>
      </exclusions>
    </dependency>
    <dependency>
      <groupId>org.springframework.boot</groupId>
      <artifactId>spring-boot-starter-actuator</artifactId>
      <version>2.5.4</version>
      <scope>provided</scope>
    </dependency>
    <dependency>
      <groupId>org.springframework.boot</groupId>
      <artifactId>spring-boot-starter-security</artifactId>
      <version>2.5.4</version>
      <scope>provided</scope>
    </dependency>
    <dependency>
      <groupId>org.springframework.security</groupId>
      <artifactId>spring-security-test</artifactId>
      <version>5.5.2</version>
      <scope>test</scope>
      <exclusions>
        <exclusion>
          <artifactId>spring-test</artifactId>
          <groupId>org.springframework</groupId>
        </exclusion>
      </exclusions>
    </dependency>
    <dependency>
      <groupId>org.springframework.boot</groupId>
      <artifactId>spring-boot-starter-validation</artifactId>
      <version>2.5.4</version>
      <scope>provided</scope>
    </dependency>
    <dependency>
      <groupId>org.springframework.boot</groupId>
      <artifactId>spring-boot-starter-data-jpa</artifactId>
      <version>2.5.4</version>
      <scope>provided</scope>
    </dependency>
    <dependency>
      <groupId>mysql</groupId>
      <artifactId>mysql-connector-java</artifactId>
      <version>8.0.26</version>
      <scope>provided</scope>
      <exclusions>
        <exclusion>
          <artifactId>protobuf-java</artifactId>
          <groupId>com.google.protobuf</groupId>
        </exclusion>
      </exclusions>
    </dependency>
    <dependency>
      <groupId>org.postgresql</groupId>
      <artifactId>postgresql</artifactId>
      <version>42.2.23</version>
      <scope>provided</scope>
    </dependency>
    <dependency>
      <groupId>org.hibernate</groupId>
      <artifactId>hibernate-c3p0</artifactId>
      <version>5.4.32.Final</version>
      <scope>provided</scope>
    </dependency>
    <dependency>
      <groupId>io.springfox</groupId>
      <artifactId>springfox-swagger2</artifactId>
      <version>2.9.2</version>
      <scope>provided</scope>
    </dependency>
    <dependency>
      <groupId>io.springfox</groupId>
      <artifactId>springfox-swagger-ui</artifactId>
      <version>2.9.2</version>
      <scope>provided</scope>
    </dependency>
    <dependency>
      <groupId>io.jsonwebtoken</groupId>
      <artifactId>jjwt</artifactId>
      <version>0.9.1</version>
      <scope>provided</scope>
    </dependency>
    <dependency>
      <groupId>gs</groupId>
      <artifactId>gs-email-funcs-v2</artifactId>
      <version>2.0</version>
      <scope>provided</scope>
    </dependency>
    <dependency>
      <groupId>gs</groupId>
      <artifactId>gs-common-hibernate-5.4</artifactId>
      <version>1.0</version>
      <scope>provided</scope>
    </dependency>
    <dependency>
      <groupId>gs</groupId>
      <artifactId>gs-common-primefaces-8</artifactId>
      <version>1.0</version>
      <scope>provided</scope>
    </dependency>
    <dependency>
      <groupId>gs</groupId>
      <artifactId>gs-common</artifactId>
      <version>1.0</version>
      <scope>provided</scope>
    </dependency>
    <dependency>
      <groupId>com.sun.faces</groupId>
      <artifactId>jsf-api</artifactId>
      <version>2.2.20</version>
      <scope>provided</scope>
    </dependency>
    <dependency>
      <groupId>com.sun.faces</groupId>
      <artifactId>jsf-impl</artifactId>
      <version>2.2.20</version>
      <scope>provided</scope>
    </dependency>
    <dependency>
      <groupId>jrs</groupId>
      <artifactId>jrs-rest-java-client</artifactId>
      <version>6.0.1-ALPHA-jar-with-dependencies</version>
      <scope>provided</scope>
    </dependency>
    <dependency>
      <groupId>net.sf.jasperreports</groupId>
      <artifactId>jasperreports</artifactId>
      <version>6.0.0</version>
      <scope>provided</scope>
    </dependency>
    <dependency>
      <groupId>net.sf.jasperreports</groupId>
      <artifactId>jasperreports-functions</artifactId>
      <version>6.0.0</version>
      <scope>provided</scope>
    </dependency>
    <dependency>
      <groupId>com.googlecode.json-simple</groupId>
      <artifactId>json-simple</artifactId>
      <version>1.1</version>
      <scope>provided</scope>
    </dependency>
    <dependency>
      <groupId>org.primefaces</groupId>
      <artifactId>primefaces</artifactId>
      <version>8.0.1</version>
      <scope>provided</scope>
    </dependency>
    <dependency>
      <groupId>redis.clients</groupId>
      <artifactId>jedis</artifactId>
      <version>3.2.0</version>
      <scope>provided</scope>
    </dependency>
    <dependency>
      <groupId>commons-jexl</groupId>
      <artifactId>commons-jexl</artifactId>
      <version>1.1</version>
      <scope>provided</scope>
    </dependency>
    <dependency>
      <groupId>com.vividsolutions</groupId>
      <artifactId>jts</artifactId>
      <version>1.13</version>
      <scope>provided</scope>
    </dependency>
    <dependency>
      <groupId>commons-codec</groupId>
      <artifactId>commons-codec</artifactId>
      <version>1.9</version>
      <scope>provided</scope>
    </dependency>
    <dependency>
      <groupId>org.jsoup</groupId>
      <artifactId>jsoup</artifactId>
      <version>1.9.2</version>
      <scope>provided</scope>
    </dependency>
    <dependency>
      <groupId>org.ocpsoft.rewrite</groupId>
      <artifactId>rewrite-servlet</artifactId>
      <version>2.0.12.Final</version>
      <scope>provided</scope>
    </dependency>
    <dependency>
      <groupId>org.ocpsoft.rewrite</groupId>
      <artifactId>rewrite-config-prettyfaces</artifactId>
      <version>2.0.12.Final</version>
      <scope>provided</scope>
    </dependency>
  </dependencies>
  <properties>
    <java.version>1.8</java.version>
  </properties>
</project>
